SQL> edit
Wrote file afiedt.buf

  1  SELECT s.stno
  2  FROM Student s, Grade g
  3  WHERE s.stno = g.student_number
  4  AND (g.grade = 'A' OR g.grade = 'B')
  5  AND g.section_id IN (SELECT section_ID
  6  FROM Section
  7* WHERE semester LIKE '%FALL%')
SQL> /

      STNO                                                                      
----------                                                                      
        13                                                                      
         8                                                                      
         3                                                                      
        20                                                                      
         3                                                                      
        14                                                                      
         3                                                                      
         8                                                                      
        15                                                                      
         3                                                                      
       122                                                                      

      STNO                                                                      
----------                                                                      
       129                                                                      
       121                                                                      
       123                                                                      
        24                                                                      
         3                                                                      
         2                                                                      

17 rows selected.

SQL> edit
Wrote file afiedt.buf

  1  SELECT s.stno
  2  FROM Student s INNER JOIN Grade g ON s.stno = g.stundent_number
  3  INNER JOIN Section t ON g.section_id = t.section_id
  4  WHERE (g.grade = 'A' OR g.grade = 'B')
  5* AND semester LIKE '%FALL%'
SQL> /

      STNO                                                                      
----------                                                                      
        13                                                                      
         8                                                                      
         3                                                                      
        20                                                                      
         3                                                                      
        14                                                                      
         3                                                                      
         8                                                                      
        15                                                                      
         3                                                                      
       122                                                                      

      STNO                                                                      
----------                                                                      
       129                                                                      
       121                                                                      
       123                                                                      
        24                                                                      
         3                                                                      
         2                                                                      

17 rows selected.

SQL> SPOOL off
